<?xml version="1.0" encoding="UTF-8"?>
<project-private xmlns="http://www.netbeans.org/ns/project-private/1">
    <editor-bookmarks xmlns="http://www.netbeans.org/ns/editor-bookmarks/2" lastBookmarkId="0"/>
    <open-files xmlns="http://www.netbeans.org/ns/projectui-open-files/2">
        <group>
            <file>file:/C:/Users/espe4/OneDrive/Documentos/NetBeansProjects/CRUDEstudiantesRAF_11/src/modelo/ArchivoOrgnDir.java</file>
            <file>file:/C:/Users/espe4/OneDrive/Documentos/NetBeansProjects/CRUDEstudiantesRAF_11/src/vista/VistaCRUDEstudiantes.java</file>
            <file>file:/C:/Users/espe4/OneDrive/Documentos/NetBeansProjects/CRUDEstudiantesRAF_11/src/controlador/ControladorCRUDEstudiantes.java</file>
            <file>file:/C:/Users/espe4/OneDrive/Documentos/NetBeansProjects/CRUDEstudiantesRAF_11/src/vista/FrmAgregarEstudiante.java</file>
            <file>file:/C:/Users/espe4/OneDrive/Documentos/NetBeansProjects/CRUDEstudiantesRAF_11/src/vista/FrmModificarEstudiante.java</file>
            <file>file:/C:/Users/espe4/OneDrive/Documentos/NetBeansProjects/CRUDEstudiantesRAF_11/src/vista/FrmEliminarEstudiante.java</file>
        </group>
    </open-files>
</project-private>
